loyalty_card,customer_count,avg_clv,avg_total_flights,cancelled_customers,churn_rate
Aurora,277,5302.37768953069,30.4296028880866,41,0.148014440433213
Star,703,4457.97431009957,30.5889046941679,86,0.122332859174964
Nova,20,7339.4215,51.75,4,0.2
