salary_band,customer_count,avg_clv,avg_total_flights,cancelled_customers,churn_rate
Unknown,282,4698.11283687944,29.8652482269504,43,0.152482269503546
Medium,552,4713.83806159421,31.1050724637681,69,0.125
Low,59,5010.55898305085,33.9830508474576,8,0.135593220338983
High,107,4924.98672897196,31.5046728971963,11,0.102803738317757
